{"web":{"client_id":"1048717912704-foinikoul3efe3qu6v1jdev0t8q6qfkn.apps.googleusercontent.com","project_id":"item-catalog-222211",
"auth_uri":"https://accounts.google.com/o/oauth2/auth","token_uri":"https://www.googleapis.com/oauth2/v3/token",
"auth_provider_x509_cert_url":"https://www.googleapis.com/oauth2/v1/certs","client_secret":"YpC9KbTKZBsRkqha_GN-mdQJ",
"redirect_uris":["http://localhost:8000","http://localhost:8000/catalog","http://localhost:8000/categories","http://localhost:8000/gconnect"],
"javascript_origins":["http://localhost:8000"]}}